-- INSERCION DE DATOS BASE DE DATOS ORAS.
Use ORASV1;

-- Insert tabla Rol.
Insert into Rol (ID_Rol,Descripción) values (1,'Aprendiz.');
Insert into Rol (ID_Rol,Descripción) values (2,'Instructor.');
Insert into Rol (ID_Rol,Descripción) values (3,'Administrativo.');
Insert into Rol (ID_Rol,Descripción) values (4,'Acudiente.');

-- Insert tabla Tipo de Documento.
Insert into Tipo_Documento (ID_TipDoc,Siglas,Descripción) values (1,'TI','Tarjeta de Identidad.');
Insert into Tipo_Documento (ID_TipDoc,Siglas,Descripción) values (2,'CC','Cedula de Ciudadania.');
Insert into Tipo_Documento (ID_TipDoc,Siglas,Descripción) values (3,'CE','Cedula Extrangera.');
Insert into Tipo_Documento (ID_TipDoc,Siglas,Descripción) values (4,'PA','Pasaporte.');

-- Insert into tabla usuario.
Insert into usuario (Tipo_Doc ,ID_Usuario,Primer_Nombre,Segundo_Nombre,Primer_Apellido,Segundo_Apellido,Email,Telefono,Contraseña,Foto,Rol) values (1,1, 'Perry', 'Nigel', 'McReynolds', 'Fyldes', 'nfyldes0@pinterest.com', '658 571 8846', 'vtsigOV', 'https://robohash.org/laboriosamlaudantiumquidem.jpg?size=50x50&set=set1',1);
Insert into usuario (Tipo_Doc ,ID_Usuario,Primer_Nombre,Segundo_Nombre,Primer_Apellido,Segundo_Apellido,Email,Telefono,Contraseña,Foto,Rol) values (1,2, 'Georgiana', 'Thedric', 'Axel', 'Wright', 'twright1@cnbc.com', '890 375 5565', 'qgKCvc1X', 'https://robohash.org/ullamquaeut.png?size=50x50&set=set1',1);
Insert into usuario (Tipo_Doc ,ID_Usuario,Primer_Nombre,Segundo_Nombre,Primer_Apellido,Segundo_Apellido,Email,Telefono,Contraseña,Foto,Rol) values (1,3, 'Marylee', 'Corella', 'Davidai', 'Brusby', 'cbrusby2@shutterfly.com', '553 189 2363', 'GUtbu5gz', 'https://robohash.org/idautquidem.jpg?size=50x50&set=set1',1);
Insert into usuario (Tipo_Doc ,ID_Usuario,Primer_Nombre,Segundo_Nombre,Primer_Apellido,Segundo_Apellido,Email,Telefono,Contraseña,Foto,Rol) values (1,4, 'Ebenezer', 'Cate', 'Mordecai', 'Halwood', 'chalwood3@scientificamerican.com', '554 192 5623', 'SPmPmCRUn45', 'https://robohash.org/liberoeossoluta.jpg?size=50x50&set=set1',1);
Insert into usuario (Tipo_Doc ,ID_Usuario,Primer_Nombre,Segundo_Nombre,Primer_Apellido,Segundo_Apellido,Email,Telefono,Contraseña,Foto,Rol) values (1,5, 'El', 'Shannon', 'Tomblings', 'Plain', 'splain4@yandex.ru', '970 942 5404', 'PcLTjUO', 'https://robohash.org/modivitaeperferendis.png?size=50x50&set=set1',1);
Insert into usuario (Tipo_Doc ,ID_Usuario,Primer_Nombre,Segundo_Nombre,Primer_Apellido,Segundo_Apellido,Email,Telefono,Contraseña,Foto,Rol) values (1,6, 'Raymund', 'Bink', 'Egglestone', 'Wetherald', 'bwetherald5@goo.gl', '124 783 1544', 'MhcY5IMc', 'https://robohash.org/optioabid.bmp?size=50x50&set=set1',1);
Insert into usuario (Tipo_Doc ,ID_Usuario,Primer_Nombre,Segundo_Nombre,Primer_Apellido,Segundo_Apellido,Email,Telefono,Contraseña,Foto,Rol) values (1,7, 'Algernon', 'Effie', 'Benoit', 'Waples', 'ewaples6@wunderground.com', '701 949 5130', 'kRrtfktmvEdw', 'https://robohash.org/corruptiquiacupiditate.jpg?size=50x50&set=set1',1);
Insert into usuario (Tipo_Doc ,ID_Usuario,Primer_Nombre,Segundo_Nombre,Primer_Apellido,Segundo_Apellido,Email,Telefono,Contraseña,Foto,Rol) values (1,8, 'Terencio', 'Pauly', 'Gervaise', 'Gonin', 'pgonin7@ftc.gov', '257 910 8859', 'JgxfCdDclr', 'https://robohash.org/blanditiisvoluptasut.png?size=50x50&set=set1',1);
Insert into usuario (Tipo_Doc ,ID_Usuario,Primer_Nombre,Segundo_Nombre,Primer_Apellido,Segundo_Apellido,Email,Telefono,Contraseña,Foto,Rol) values (1,9, 'Emmit', 'Leanora', 'Tearle', 'Awdry', 'lawdry8@arizona.edu', '417 199 6236', 'DZSsdpIG', 'https://robohash.org/accusantiumvoluptasab.jpg?size=50x50&set=set1',1);
Insert into usuario (Tipo_Doc ,ID_Usuario,Primer_Nombre,Segundo_Nombre,Primer_Apellido,Segundo_Apellido,Email,Telefono,Contraseña,Foto,Rol) values (1,10, 'Isa', 'Ara', 'Dallinder', 'Hulance', 'ahulance9@privacy.gov.au', '548 613 6088', '8jsTcEJ7X9', 'https://robohash.org/laboreautnon.bmp?size=50x50&set=set1',1);
Insert into usuario (Tipo_Doc ,ID_Usuario,Primer_Nombre,Segundo_Nombre,Primer_Apellido,Segundo_Apellido,Email,Telefono,Contraseña,Foto,Rol) values (1,11, 'Creight', 'Kelley', 'Ralling', 'Tenney', 'ktenneya@java.com', '375 106 2258', 'oGRWnxXFkTEL', 'https://robohash.org/maximevelrerum.jpg?size=50x50&set=set1',1);
Insert into usuario (Tipo_Doc ,ID_Usuario,Primer_Nombre,Segundo_Nombre,Primer_Apellido,Segundo_Apellido,Email,Telefono,Contraseña,Foto,Rol) values (1,12, 'Ivan', 'Troy', 'La Wille', 'De Simoni', 'tdesimonib@bandcamp.com', '439 274 7634', '32QwUahxa', 'https://robohash.org/quisquamaperiamat.png?size=50x50&set=set1',1);
Insert into usuario (Tipo_Doc ,ID_Usuario,Primer_Nombre,Segundo_Nombre,Primer_Apellido,Segundo_Apellido,Email,Telefono,Contraseña,Foto,Rol) values (1,13, 'Valli', 'Auguste', 'Brookesbie', 'Chmiel', 'achmielc@google.cn', '519 572 8770', 'jvE0lk', 'https://robohash.org/velitsequiiure.jpg?size=50x50&set=set1',1);
Insert into usuario (Tipo_Doc ,ID_Usuario,Primer_Nombre,Segundo_Nombre,Primer_Apellido,Segundo_Apellido,Email,Telefono,Contraseña,Foto,Rol) values (2,14, 'Trenton', 'Tessy', 'Leon', 'Taft', 'ttaftd@shop-pro.jp', '795 729 5424', 'cbnmpz4', 'https://robohash.org/abexcepturiet.png?size=50x50&set=set1',1);
Insert into usuario (Tipo_Doc ,ID_Usuario,Primer_Nombre,Segundo_Nombre,Primer_Apellido,Segundo_Apellido,Email,Telefono,Contraseña,Foto,Rol) values (2,15, 'Gleda', 'Conrado', 'Tinkham', 'Perryman', 'cperrymane@ucoz.ru', '344 679 1150', 'Ji2oxzHy2bJJ', 'https://robohash.org/dolorquaevoluptatibus.bmp?size=50x50&set=set1',1);
Insert into usuario (Tipo_Doc ,ID_Usuario,Primer_Nombre,Segundo_Nombre,Primer_Apellido,Segundo_Apellido,Email,Telefono,Contraseña,Foto,Rol) values (2,16, 'Maris', 'Dougie', 'Trundell', 'Suttell', 'dsuttellf@a8.net', '841 779 2411', '52qHAfC8', 'https://robohash.org/namquaeasperiores.png?size=50x50&set=set1',1);
Insert into usuario (Tipo_Doc ,ID_Usuario,Primer_Nombre,Segundo_Nombre,Primer_Apellido,Segundo_Apellido,Email,Telefono,Contraseña,Foto,Rol) values (3,17, 'Dinnie', 'Wini', 'April', 'Crosser', 'wcrosserg@wix.com', '637 761 2095', 'wcYQw7y', 'https://robohash.org/quibusdamvoluptatemlabore.bmp?size=50x50&set=set1',1);
Insert into usuario (Tipo_Doc ,ID_Usuario,Primer_Nombre,Segundo_Nombre,Primer_Apellido,Segundo_Apellido,Email,Telefono,Contraseña,Foto,Rol) values (3,18, 'Reamonn', 'Kingston', 'Gabb', 'Dugald', 'kdugaldh@mlb.com', '485 432 2103', 'z2ohbTidnijJ', 'https://robohash.org/exexpeditaid.bmp?size=50x50&set=set1',1);
Insert into usuario (Tipo_Doc ,ID_Usuario,Primer_Nombre,Segundo_Nombre,Primer_Apellido,Segundo_Apellido,Email,Telefono,Contraseña,Foto,Rol) values (3,19, 'Charlena', 'Aristotle', 'Guilliatt', 'Chastang', 'achastangi@dailymotion.com', '648 925 2945', 'FHkAM9', 'https://robohash.org/esseveniamquia.jpg?size=50x50&set=set1',1);
Insert into usuario (Tipo_Doc ,ID_Usuario,Primer_Nombre,Segundo_Nombre,Primer_Apellido,Segundo_Apellido,Email,Telefono,Contraseña,Foto,Rol) values (4,20, 'Vallie', 'Salome', 'Wudeland', 'D''orsay', 'sdorsayj@friendfeed.com', '463 947 9278', 'eGJStzQr', 'https://robohash.org/doloremeiusqui.jpg?size=50x50&set=set1',1);
Insert into usuario (Tipo_Doc ,ID_Usuario,Primer_Nombre,Segundo_Nombre,Primer_Apellido,Segundo_Apellido,Email,Telefono,Contraseña,Foto,Rol) values (1,21, 'Annamaria', 'Pia', 'Picot', 'Cozens', 'pcozensk@apache.org', '229 285 5126', '6RYXJQbwU', 'https://robohash.org/voluptatemporroesse.png?size=50x50&set=set1',2);
Insert into usuario (Tipo_Doc ,ID_Usuario,Primer_Nombre,Segundo_Nombre,Primer_Apellido,Segundo_Apellido,Email,Telefono,Contraseña,Foto,Rol) values (1,22, 'Modestine', 'Noah', 'Goggan', 'Boschmann', 'nboschmannl@wiley.com', '942 786 7461', 'Jg0YTne', 'https://robohash.org/rerumveleum.png?size=50x50&set=set1',2);
Insert into usuario (Tipo_Doc ,ID_Usuario,Primer_Nombre,Segundo_Nombre,Primer_Apellido,Segundo_Apellido,Email,Telefono,Contraseña,Foto,Rol) values (1,23, 'Wendall', 'Phineas', 'Griffoen', 'McGinty', 'pmcgintym@cbslocal.com', '677 455 2609', 'tOpZFiN', 'https://robohash.org/sitconsecteturrepellendus.bmp?size=50x50&set=set1',2);
Insert into usuario (Tipo_Doc ,ID_Usuario,Primer_Nombre,Segundo_Nombre,Primer_Apellido,Segundo_Apellido,Email,Telefono,Contraseña,Foto,Rol) values (1,24, 'Nichol', 'Phil', 'Luigi', 'Flores', 'pfloresn@businesswire.com', '170 437 0056', 'vMncxz1Q', 'https://robohash.org/sequiculpanon.bmp?size=50x50&set=set1',2);
Insert into usuario (Tipo_Doc ,ID_Usuario,Primer_Nombre,Segundo_Nombre,Primer_Apellido,Segundo_Apellido,Email,Telefono,Contraseña,Foto,Rol) values (2,25, 'Brent', 'Libbi', 'Whitney', 'Dallman', 'ldallmano@feedburner.com', '624 146 8109', 'YNo9ObV', 'https://robohash.org/sedsedcorrupti.bmp?size=50x50&set=set1',2);
Insert into usuario (Tipo_Doc ,ID_Usuario,Primer_Nombre,Segundo_Nombre,Primer_Apellido,Segundo_Apellido,Email,Telefono,Contraseña,Foto,Rol) values (2,26, 'Mathilde', 'Florina', 'Crinion', 'Kacheller', 'fkachellerp@t.co', '647 156 3557', '5GgmLiR', 'https://robohash.org/exdelenitiqui.jpg?size=50x50&set=set1',2);
Insert into usuario (Tipo_Doc ,ID_Usuario,Primer_Nombre,Segundo_Nombre,Primer_Apellido,Segundo_Apellido,Email,Telefono,Contraseña,Foto,Rol) values (2,27, 'Dorene', 'Justine', 'Swaffer', 'Claypoole', 'jclaypooleq@acquirethisname.com', '571 801 9160', 'DTpw7jqa', 'https://robohash.org/doloredignissimosquidem.png?size=50x50&set=set1',2);
Insert into usuario (Tipo_Doc ,ID_Usuario,Primer_Nombre,Segundo_Nombre,Primer_Apellido,Segundo_Apellido,Email,Telefono,Contraseña,Foto,Rol) values (2,28, 'Vaughan', 'Tessa', 'Guisler', 'Jachimak', 'tjachimakr@accuweather.com', '504 779 9513', 'MIvtq4Gyo', 'https://robohash.org/quoautet.bmp?size=50x50&set=set1',2);
Insert into usuario (Tipo_Doc ,ID_Usuario,Primer_Nombre,Segundo_Nombre,Primer_Apellido,Segundo_Apellido,Email,Telefono,Contraseña,Foto,Rol) values (2,29, 'Morty', 'Marmaduke', 'Heiss', 'Searby', 'msearbys@berkeley.edu', '946 430 9469', '1jUy06jxW', 'https://robohash.org/inciduntveroab.bmp?size=50x50&set=set1',2);
Insert into usuario (Tipo_Doc ,ID_Usuario,Primer_Nombre,Segundo_Nombre,Primer_Apellido,Segundo_Apellido,Email,Telefono,Contraseña,Foto,Rol) values (3,30, 'Reggy', 'Ernaline', 'Aliberti', 'Paulat', 'epaulatt@upenn.edu', '323 909 8362', 'PHOjC2UoW2V', 'https://robohash.org/mollitiaveniamaut.jpg?size=50x50&set=set1',2);
Insert into usuario (Tipo_Doc ,ID_Usuario,Primer_Nombre,Segundo_Nombre,Primer_Apellido,Segundo_Apellido,Email,Telefono,Contraseña,Foto,Rol) values (3,31, 'Gabriela', 'Joanne', 'Sperling', 'Gendrich', 'jgendrichu@github.io', '743 715 1785', 'afUjpib', 'https://robohash.org/autpariaturofficia.png?size=50x50&set=set1',2);
Insert into usuario (Tipo_Doc ,ID_Usuario,Primer_Nombre,Segundo_Nombre,Primer_Apellido,Segundo_Apellido,Email,Telefono,Contraseña,Foto,Rol) values (3,32, 'Maria', 'Kristen', 'Durtnal', 'Lardeur', 'klardeurv@instagram.com', '523 938 2010', 'YdJob8jcWlIl', 'https://robohash.org/utsunta.bmp?size=50x50&set=set1',2);
Insert into usuario (Tipo_Doc ,ID_Usuario,Primer_Nombre,Segundo_Nombre,Primer_Apellido,Segundo_Apellido,Email,Telefono,Contraseña,Foto,Rol) values (3,33, 'Aland', 'Goldina', 'Tungay', 'Akroyd', 'gakroydw@house.gov', '411 314 9248', 'yN4sy1FFw7', 'https://robohash.org/namconsequaturquia.jpg?size=50x50&set=set1',2);
Insert into usuario (Tipo_Doc ,ID_Usuario,Primer_Nombre,Segundo_Nombre,Primer_Apellido,Segundo_Apellido,Email,Telefono,Contraseña,Foto,Rol) values (3,34, 'Pip', 'Koenraad', 'Rodolico', 'Lind', 'klindx@vk.com', '251 878 8328', '94ETT0RAE3ku', 'https://robohash.org/minimasuscipitconsequatur.bmp?size=50x50&set=set1',2);
Insert into usuario (Tipo_Doc ,ID_Usuario,Primer_Nombre,Segundo_Nombre,Primer_Apellido,Segundo_Apellido,Email,Telefono,Contraseña,Foto,Rol) values (4,35, 'Ximenes', 'Alix', 'Lodevick', 'Januszewski', 'ajanuszewskiy@nature.com', '843 965 6963', 'sSGSExcaSQ7', 'https://robohash.org/eaqueidrepellat.jpg?size=50x50&set=set1',2);
Insert into usuario (Tipo_Doc ,ID_Usuario,Primer_Nombre,Segundo_Nombre,Primer_Apellido,Segundo_Apellido,Email,Telefono,Contraseña,Foto,Rol) values (4,36, 'Rodd', 'Nada', 'Lutwyche', 'Tomkies', 'ntomkiesz@usa.gov', '717 293 1247', '6BQse80UY', 'https://robohash.org/suntcumnihil.bmp?size=50x50&set=set1',2);
Insert into usuario (Tipo_Doc ,ID_Usuario,Primer_Nombre,Segundo_Nombre,Primer_Apellido,Segundo_Apellido,Email,Telefono,Contraseña,Foto,Rol) values (4,37, 'Wallis', 'Herb', 'Iseton', 'Testin', 'htestin10@go.com', '526 117 5684', 'dBALKWv8n', 'https://robohash.org/etfugiatquam.jpg?size=50x50&set=set1',2);
Insert into usuario (Tipo_Doc ,ID_Usuario,Primer_Nombre,Segundo_Nombre,Primer_Apellido,Segundo_Apellido,Email,Telefono,Contraseña,Foto,Rol) values (4,38, 'Clara', 'James', 'Ferns', 'Grisenthwaite', 'jgrisenthwaite11@google.com', '995 531 1154', 'FmJcAT2J', 'https://robohash.org/nisiutab.jpg?size=50x50&set=set1',2);
Insert into usuario (Tipo_Doc ,ID_Usuario,Primer_Nombre,Segundo_Nombre,Primer_Apellido,Segundo_Apellido,Email,Telefono,Contraseña,Foto,Rol) values (4,39, 'Ethelbert', 'Moritz', 'Fucher', 'Creswell', 'mcreswell12@ameblo.jp', '924 689 1322', 'cFYfLAD5tN', 'https://robohash.org/commodiautemminima.jpg?size=50x50&set=set1',2);
Insert into usuario (Tipo_Doc ,ID_Usuario,Primer_Nombre,Segundo_Nombre,Primer_Apellido,Segundo_Apellido,Email,Telefono,Contraseña,Foto,Rol) values (4,40, 'Sigmund', 'Wainwright', 'Mein', 'Fumagalli', 'wfumagalli13@prlog.org', '847 740 6927', 'ue0glz9i', 'https://robohash.org/enimetdistinctio.png?size=50x50&set=set1',2);
Insert into usuario (Tipo_Doc ,ID_Usuario,Primer_Nombre,Segundo_Nombre,Primer_Apellido,Segundo_Apellido,Email,Telefono,Contraseña,Foto,Rol) values (1,41, 'Yalonda', 'Myrvyn', 'Stroyan', 'Doni', 'mdoni14@about.com', '549 552 3852', 'iB1FLXX', 'https://robohash.org/quiaetet.jpg?size=50x50&set=set1',3);
Insert into usuario (Tipo_Doc ,ID_Usuario,Primer_Nombre,Segundo_Nombre,Primer_Apellido,Segundo_Apellido,Email,Telefono,Contraseña,Foto,Rol) values (1,42, 'Taffy', 'Homerus', 'Latham', 'Lower', 'hlower15@hugedomains.com', '142 414 3637', '3u3P7sV', 'https://robohash.org/veniampraesentiumatque.jpg?size=50x50&set=set1',3);
Insert into usuario (Tipo_Doc ,ID_Usuario,Primer_Nombre,Segundo_Nombre,Primer_Apellido,Segundo_Apellido,Email,Telefono,Contraseña,Foto,Rol) values (1,43, 'Arte', 'Baxy', 'Sapseed', 'Glanz', 'bglanz16@chicagotribune.com', '472 485 1778', 'YOToZsz', 'https://robohash.org/accusamusrationeet.bmp?size=50x50&set=set1',3);
Insert into usuario (Tipo_Doc ,ID_Usuario,Primer_Nombre,Segundo_Nombre,Primer_Apellido,Segundo_Apellido,Email,Telefono,Contraseña,Foto,Rol) values (1,44, 'Blair', 'Ulric', 'Scoffins', 'Rump', 'urump17@gravatar.com', '505 979 2836', 'i5Tb4QBmF', 'https://robohash.org/quaeratexid.bmp?size=50x50&set=set1',3);
Insert into usuario (Tipo_Doc ,ID_Usuario,Primer_Nombre,Segundo_Nombre,Primer_Apellido,Segundo_Apellido,Email,Telefono,Contraseña,Foto,Rol) values (1,45, 'Sandor', 'Carley', 'Snaddon', 'Beckerleg', 'cbeckerleg18@webmd.com', '119 767 8252', 'GhgV6fp', 'https://robohash.org/quissuscipitrepellendus.bmp?size=50x50&set=set1',3);
Insert into usuario (Tipo_Doc ,ID_Usuario,Primer_Nombre,Segundo_Nombre,Primer_Apellido,Segundo_Apellido,Email,Telefono,Contraseña,Foto,Rol) values (2,46, 'Jemmie', 'Rosalyn', 'Yurchishin', 'Olin', 'rolin19@people.com.cn', '399 440 6578', '55yiCMK', 'https://robohash.org/suscipitoditnulla.bmp?size=50x50&set=set1',3);
Insert into usuario (Tipo_Doc ,ID_Usuario,Primer_Nombre,Segundo_Nombre,Primer_Apellido,Segundo_Apellido,Email,Telefono,Contraseña,Foto,Rol) values (2,47, 'Linnell', 'Hestia', 'Mockler', 'Dymond', 'hdymond1a@1und1.de', '781 584 0900', 'lb3XAeG', 'https://robohash.org/nesciuntsitlaborum.png?size=50x50&set=set1',3);
Insert into usuario (Tipo_Doc ,ID_Usuario,Primer_Nombre,Segundo_Nombre,Primer_Apellido,Segundo_Apellido,Email,Telefono,Contraseña,Foto,Rol) values (2,48, 'Jany', 'Brannon', 'Poynton', 'Jehaes', 'bjehaes1b@cargocollective.com', '144 929 5907', '1xr6nwmQFWM', 'https://robohash.org/reiciendisnemout.bmp?size=50x50&set=set1',3);
Insert into usuario (Tipo_Doc ,ID_Usuario,Primer_Nombre,Segundo_Nombre,Primer_Apellido,Segundo_Apellido,Email,Telefono,Contraseña,Foto,Rol) values (2,49, 'Krisha', 'Hugh', 'Trevallion', 'Stores', 'hstores1c@csmonitor.com', '209 672 3005', 'CrR8i1', 'https://robohash.org/ipsumatquecupiditate.jpg?size=50x50&set=set1',3);
Insert into usuario (Tipo_Doc ,ID_Usuario,Primer_Nombre,Segundo_Nombre,Primer_Apellido,Segundo_Apellido,Email,Telefono,Contraseña,Foto,Rol) values (2,50, 'Deck', 'Merissa', 'Kennally', 'Sawley', 'msawley1d@google.co.jp', '960 856 0695', 'JnKc9gP5J3DK', 'https://robohash.org/modiquilaborum.bmp?size=50x50&set=set1',3);
Insert into usuario (Tipo_Doc ,ID_Usuario,Primer_Nombre,Segundo_Nombre,Primer_Apellido,Segundo_Apellido,Email,Telefono,Contraseña,Foto,Rol) values (3,51, 'Clemmie', 'Bogey', 'Stronge', 'Fryer', 'bfryer1e@xinhuanet.com', '874 175 8531', 'mxpjc6ioL1', 'https://robohash.org/remeaodit.jpg?size=50x50&set=set1',3);
Insert into usuario (Tipo_Doc ,ID_Usuario,Primer_Nombre,Segundo_Nombre,Primer_Apellido,Segundo_Apellido,Email,Telefono,Contraseña,Foto,Rol) values (3,52, 'Inna', 'Neile', 'Bischop', 'Shelper', 'nshelper1f@nifty.com', '281 354 6216', '5VTKrE', 'https://robohash.org/suntfacerequas.jpg?size=50x50&set=set1',3);
Insert into usuario (Tipo_Doc ,ID_Usuario,Primer_Nombre,Segundo_Nombre,Primer_Apellido,Segundo_Apellido,Email,Telefono,Contraseña,Foto,Rol) values (3,53, 'Yancey', 'Julian', 'Brumbie', 'Lengthorn', 'jlengthorn1g@ycombinator.com', '532 713 7417', 'bhDZJK', 'https://robohash.org/distinctioeaquia.png?size=50x50&set=set1',3);
Insert into usuario (Tipo_Doc ,ID_Usuario,Primer_Nombre,Segundo_Nombre,Primer_Apellido,Segundo_Apellido,Email,Telefono,Contraseña,Foto,Rol) values (3,54, 'Aluin', 'Misty', 'Haines', 'Conre', 'mconre1h@nsw.gov.au', '723 846 0864', '4HsHoPt', 'https://robohash.org/idsuntut.bmp?size=50x50&set=set1',3);
Insert into usuario (Tipo_Doc ,ID_Usuario,Primer_Nombre,Segundo_Nombre,Primer_Apellido,Segundo_Apellido,Email,Telefono,Contraseña,Foto,Rol) values (3,55, 'Claudina', 'Clayborne', 'Marjoram', 'Philipet', 'cphilipet1i@photobucket.com', '999 325 5402', '8O70xAxUjnhk', 'https://robohash.org/excepturiplaceattemporibus.jpg?size=50x50&set=set1',3);
Insert into usuario (Tipo_Doc ,ID_Usuario,Primer_Nombre,Segundo_Nombre,Primer_Apellido,Segundo_Apellido,Email,Telefono,Contraseña,Foto,Rol) values (4,56, 'Alexina', 'Ennis', 'Elford', 'Conerding', 'econerding1j@google.fr', '358 435 8338', 'hHcWEo1', 'https://robohash.org/illumaccusamusveritatis.jpg?size=50x50&set=set1',3);
Insert into usuario (Tipo_Doc ,ID_Usuario,Primer_Nombre,Segundo_Nombre,Primer_Apellido,Segundo_Apellido,Email,Telefono,Contraseña,Foto,Rol) values (4,57, 'Francyne', 'Carce', 'Bumphrey', 'McCudden', 'cmccudden1k@theatlantic.com', '293 833 1777', 'U2SLWRHwXB', 'https://robohash.org/expeditaquaeraterror.bmp?size=50x50&set=set1',3);
Insert into usuario (Tipo_Doc ,ID_Usuario,Primer_Nombre,Segundo_Nombre,Primer_Apellido,Segundo_Apellido,Email,Telefono,Contraseña,Foto,Rol) values (4,58, 'Candide', 'Rivy', 'Giacoboni', 'Syversen', 'rsyversen1l@merriam-webster.com', '185 313 6010', 'NWI5e1Sxqp5', 'https://robohash.org/etfugitipsam.png?size=50x50&set=set1',3);
Insert into usuario (Tipo_Doc ,ID_Usuario,Primer_Nombre,Segundo_Nombre,Primer_Apellido,Segundo_Apellido,Email,Telefono,Contraseña,Foto,Rol) values (4,59, 'Charlean', 'Otto', 'Cardinale', 'Hebson', 'ohebson1m@reference.com', '179 562 5829', 'ZPaWRS1Zom', 'https://robohash.org/cumqueesseaut.bmp?size=50x50&set=set1',3);
Insert into usuario (Tipo_Doc ,ID_Usuario,Primer_Nombre,Segundo_Nombre,Primer_Apellido,Segundo_Apellido,Email,Telefono,Contraseña,Foto,Rol) values (4,60, 'Charlotta', 'Tammara', 'Lorroway', 'Parris', 'tparris1n@home.pl', '828 776 3419', 'i0L9EYSK', 'https://robohash.org/autliberoautem.png?size=50x50&set=set1',3);
Insert into usuario (Tipo_Doc ,ID_Usuario,Primer_Nombre,Segundo_Nombre,Primer_Apellido,Segundo_Apellido,Email,Telefono,Contraseña,Foto,Rol) values (1,61, 'Darcee', 'Winnifred', 'Shear', 'Dishmon', 'wdishmon1o@pen.io', '373 596 5959', 'Iiz8uuXRxs', 'https://robohash.org/similiqueaperiamomnis.bmp?size=50x50&set=set1',4);
Insert into usuario (Tipo_Doc ,ID_Usuario,Primer_Nombre,Segundo_Nombre,Primer_Apellido,Segundo_Apellido,Email,Telefono,Contraseña,Foto,Rol) values (1,62, 'Vail', 'Dian', 'Stivens', 'Mannering', 'dmannering1p@nsw.gov.au', '936 949 0535', 'mhkTM9J1', 'https://robohash.org/iuredolorumquis.bmp?size=50x50&set=set1',4);
Insert into usuario (Tipo_Doc ,ID_Usuario,Primer_Nombre,Segundo_Nombre,Primer_Apellido,Segundo_Apellido,Email,Telefono,Contraseña,Foto,Rol) values (1,63, 'Nancy', 'Melisandra', 'Coundley', 'Colebrook', 'mcolebrook1q@ihg.com', '140 655 5489', '9z6LAV', 'https://robohash.org/voluptatesvoluptasdelectus.bmp?size=50x50&set=set1',4);
Insert into usuario (Tipo_Doc ,ID_Usuario,Primer_Nombre,Segundo_Nombre,Primer_Apellido,Segundo_Apellido,Email,Telefono,Contraseña,Foto,Rol) values (1,64, 'Mandie', 'Alina', 'Paulino', 'Beade', 'abeade1r@intel.com', '104 933 3413', 'CG7QutN6sq8A', 'https://robohash.org/debitisexpeditafugit.bmp?size=50x50&set=set1',4);
Insert into usuario (Tipo_Doc ,ID_Usuario,Primer_Nombre,Segundo_Nombre,Primer_Apellido,Segundo_Apellido,Email,Telefono,Contraseña,Foto,Rol) values (1,65, 'Lurlene', 'Reinold', 'Lasty', 'Henzley', 'rhenzley1s@mapquest.com', '540 682 0370', 'yD05ld', 'https://robohash.org/molestiasexercitationemquia.bmp?size=50x50&set=set1',4);
Insert into usuario (Tipo_Doc ,ID_Usuario,Primer_Nombre,Segundo_Nombre,Primer_Apellido,Segundo_Apellido,Email,Telefono,Contraseña,Foto,Rol) values (2,66, 'Cyrill', 'Townsend', 'Slide', 'Doeg', 'tdoeg1t@house.gov', '163 684 3984', 'qC6S45dZgi', 'https://robohash.org/liberoconsequaturodit.jpg?size=50x50&set=set1',4);
Insert into usuario (Tipo_Doc ,ID_Usuario,Primer_Nombre,Segundo_Nombre,Primer_Apellido,Segundo_Apellido,Email,Telefono,Contraseña,Foto,Rol) values (2,67, 'Chlo', 'Billy', 'Haldin', 'Maffetti', 'bmaffetti1u@pinterest.com', '568 715 4967', '4HobOQFZ35RC', 'https://robohash.org/rerumminimaassumenda.png?size=50x50&set=set1',4);
Insert into usuario (Tipo_Doc ,ID_Usuario,Primer_Nombre,Segundo_Nombre,Primer_Apellido,Segundo_Apellido,Email,Telefono,Contraseña,Foto,Rol) values (2,68, 'Frederic', 'Leshia', 'Javes', 'Giorgini', 'lgiorgini1v@aol.com', '891 151 6234', 'gVRG0wPSkjH', 'https://robohash.org/nesciuntlaborumrerum.bmp?size=50x50&set=set1',4);
Insert into usuario (Tipo_Doc ,ID_Usuario,Primer_Nombre,Segundo_Nombre,Primer_Apellido,Segundo_Apellido,Email,Telefono,Contraseña,Foto,Rol) values (2,69, 'Winifred', 'Dorena', 'Hawking', 'Formoy', 'dformoy1w@scribd.com', '470 813 7464', '4FDiRcagsQ', 'https://robohash.org/utetexplicabo.png?size=50x50&set=set1',4);
Insert into usuario (Tipo_Doc ,ID_Usuario,Primer_Nombre,Segundo_Nombre,Primer_Apellido,Segundo_Apellido,Email,Telefono,Contraseña,Foto,Rol) values (2,70, 'Toby', 'Stu', 'Tuma', 'Zecchi', 'szecchi1x@japanpost.jp', '914 552 9110', 'ZlMKJH', 'https://robohash.org/impeditcommodiquo.png?size=50x50&set=set1',4);
Insert into usuario (Tipo_Doc ,ID_Usuario,Primer_Nombre,Segundo_Nombre,Primer_Apellido,Segundo_Apellido,Email,Telefono,Contraseña,Foto,Rol) values (3,71, 'Ozzy', 'Milka', 'Guilleton', 'Pasby', 'mpasby1y@ucsd.edu', '599 244 6072', 'tux5dRKAD', 'https://robohash.org/pariatureligendilabore.jpg?size=50x50&set=set1',4);
Insert into usuario (Tipo_Doc ,ID_Usuario,Primer_Nombre,Segundo_Nombre,Primer_Apellido,Segundo_Apellido,Email,Telefono,Contraseña,Foto,Rol) values (3,72, 'Karly', 'Derrik', 'Isted', 'Sievewright', 'dsievewright1z@nsw.gov.au', '581 206 6759', 'ZhdPr4Zt', 'https://robohash.org/quovelitcorporis.jpg?size=50x50&set=set1',4);
Insert into usuario (Tipo_Doc ,ID_Usuario,Primer_Nombre,Segundo_Nombre,Primer_Apellido,Segundo_Apellido,Email,Telefono,Contraseña,Foto,Rol) values (3,73, 'Lawrence', 'Torry', 'Dunnaway', 'Nairne', 'tnairne20@smugmug.com', '220 457 8162', 'k0THf2Sv', 'https://robohash.org/istemolestiaemollitia.png?size=50x50&set=set1',4);
Insert into usuario (Tipo_Doc ,ID_Usuario,Primer_Nombre,Segundo_Nombre,Primer_Apellido,Segundo_Apellido,Email,Telefono,Contraseña,Foto,Rol) values (3,74, 'Bronnie', 'Linn', 'Stroband', 'Robison', 'lrobison21@soup.io', '748 360 3154', 'C3rgVg17XGKP', 'https://robohash.org/veniamerroreveniet.bmp?size=50x50&set=set1',4);
Insert into usuario (Tipo_Doc ,ID_Usuario,Primer_Nombre,Segundo_Nombre,Primer_Apellido,Segundo_Apellido,Email,Telefono,Contraseña,Foto,Rol) values (3,75, 'Missie', 'Shalom', 'Wilsher', 'Belcher', 'sbelcher22@nytimes.com', '623 716 7211', 'R9Ap0Sw1', 'https://robohash.org/aperiamullamexpedita.jpg?size=50x50&set=set1',4);
Insert into usuario (Tipo_Doc ,ID_Usuario,Primer_Nombre,Segundo_Nombre,Primer_Apellido,Segundo_Apellido,Email,Telefono,Contraseña,Foto,Rol) values (4,76, 'Janis', 'Ara', 'Tomaszek', 'Borgnol', 'aborgnol23@i2i.jp', '865 664 0917', 's4teuDV', 'https://robohash.org/aliasabdolores.png?size=50x50&set=set1',4);
Insert into usuario (Tipo_Doc ,ID_Usuario,Primer_Nombre,Segundo_Nombre,Primer_Apellido,Segundo_Apellido,Email,Telefono,Contraseña,Foto,Rol) values (4,77, 'Ashlie', 'Storm', 'Ciepluch', 'Steggles', 'ssteggles24@discuz.net', '831 303 1332', 'kagpgw', 'https://robohash.org/utdoloremrepellat.bmp?size=50x50&set=set1',4);
Insert into usuario (Tipo_Doc ,ID_Usuario,Primer_Nombre,Segundo_Nombre,Primer_Apellido,Segundo_Apellido,Email,Telefono,Contraseña,Foto,Rol) values (4,78, 'Mic', 'Axe', 'Arkil', 'Falls', 'afalls25@google.it', '927 304 5688', 'cvUHVIoq', 'https://robohash.org/aspernaturrationeveritatis.jpg?size=50x50&set=set1',4);
Insert into usuario (Tipo_Doc ,ID_Usuario,Primer_Nombre,Segundo_Nombre,Primer_Apellido,Segundo_Apellido,Email,Telefono,Contraseña,Foto,Rol) values (4,79, 'Maryjane', 'Erina', 'Smallridge', 'Howland', 'ehowland26@wikispaces.com', '953 422 3321', 'uojmmcuqMu', 'https://robohash.org/veniamaliquamnobis.png?size=50x50&set=set1',4);
Insert into usuario (Tipo_Doc ,ID_Usuario,Primer_Nombre,Segundo_Nombre,Primer_Apellido,Segundo_Apellido,Email,Telefono,Contraseña,Foto,Rol) values (4,80, 'Tarah', 'Glenda', 'Rawll', 'McCarly', 'gmccarly27@dmoz.org', '267 877 8752', 'FFffIdcr', 'https://robohash.org/verototamnecessitatibus.png?size=50x50&set=set1',4);

-- Insert tabla usuario aprendiz.
Insert into Usuario_Aprendiz (ID_Aprendiz,ID_TipDoc_Aprendiz) values (1,1);
Insert into Usuario_Aprendiz (ID_Aprendiz,ID_TipDoc_Aprendiz) values (2,1);
Insert into Usuario_Aprendiz (ID_Aprendiz,ID_TipDoc_Aprendiz) values (3,1);
Insert into Usuario_Aprendiz (ID_Aprendiz,ID_TipDoc_Aprendiz) values (4,1);
Insert into Usuario_Aprendiz (ID_Aprendiz,ID_TipDoc_Aprendiz) values (5,1);
Insert into Usuario_Aprendiz (ID_Aprendiz,ID_TipDoc_Aprendiz) values (6,1);
Insert into Usuario_Aprendiz (ID_Aprendiz,ID_TipDoc_Aprendiz) values (7,1);
Insert into Usuario_Aprendiz (ID_Aprendiz,ID_TipDoc_Aprendiz) values (8,1);
Insert into Usuario_Aprendiz (ID_Aprendiz,ID_TipDoc_Aprendiz) values (9,1);
Insert into Usuario_Aprendiz (ID_Aprendiz,ID_TipDoc_Aprendiz) values (10,1);
Insert into Usuario_Aprendiz (ID_Aprendiz,ID_TipDoc_Aprendiz) values (11,1);
Insert into Usuario_Aprendiz (ID_Aprendiz,ID_TipDoc_Aprendiz) values (12,1);
Insert into Usuario_Aprendiz (ID_Aprendiz,ID_TipDoc_Aprendiz) values (13,1);
Insert into Usuario_Aprendiz (ID_Aprendiz,ID_TipDoc_Aprendiz) values (14,2);
Insert into Usuario_Aprendiz (ID_Aprendiz,ID_TipDoc_Aprendiz) values (15,2);
Insert into Usuario_Aprendiz (ID_Aprendiz,ID_TipDoc_Aprendiz) values (16,2);
Insert into Usuario_Aprendiz (ID_Aprendiz,ID_TipDoc_Aprendiz) values (17,3);
Insert into Usuario_Aprendiz (ID_Aprendiz,ID_TipDoc_Aprendiz) values (18,3);
Insert into Usuario_Aprendiz (ID_Aprendiz,ID_TipDoc_Aprendiz) values (19,3);
Insert into Usuario_Aprendiz (ID_Aprendiz,ID_TipDoc_Aprendiz) values (20,4);

-- Insert tabla usuario acudiente.
Insert into Usuario_Acudiente (ID_Acudiente,ID_TipDoc_Acudiente,Aprendiz) values (61,1,1);
Insert into Usuario_Acudiente (ID_Acudiente,ID_TipDoc_Acudiente,Aprendiz) values (62,1,2);
Insert into Usuario_Acudiente (ID_Acudiente,ID_TipDoc_Acudiente,Aprendiz) values (63,1,3);
Insert into Usuario_Acudiente (ID_Acudiente,ID_TipDoc_Acudiente,Aprendiz) values (64,1,4);
Insert into Usuario_Acudiente (ID_Acudiente,ID_TipDoc_Acudiente,Aprendiz) values (65,1,5);
Insert into Usuario_Acudiente (ID_Acudiente,ID_TipDoc_Acudiente,Aprendiz) values (66,2,6);
Insert into Usuario_Acudiente (ID_Acudiente,ID_TipDoc_Acudiente,Aprendiz) values (67,2,7);
Insert into Usuario_Acudiente (ID_Acudiente,ID_TipDoc_Acudiente,Aprendiz) values (68,2,8);
Insert into Usuario_Acudiente (ID_Acudiente,ID_TipDoc_Acudiente,Aprendiz) values (69,2,9);
Insert into Usuario_Acudiente (ID_Acudiente,ID_TipDoc_Acudiente,Aprendiz) values (70,2,10);
Insert into Usuario_Acudiente (ID_Acudiente,ID_TipDoc_Acudiente,Aprendiz) values (71,3,11);
Insert into Usuario_Acudiente (ID_Acudiente,ID_TipDoc_Acudiente,Aprendiz) values (72,3,12);
Insert into Usuario_Acudiente (ID_Acudiente,ID_TipDoc_Acudiente,Aprendiz) values (73,3,13);
Insert into Usuario_Acudiente (ID_Acudiente,ID_TipDoc_Acudiente,Aprendiz) values (74,3,14);
Insert into Usuario_Acudiente (ID_Acudiente,ID_TipDoc_Acudiente,Aprendiz) values (75,3,15);
Insert into Usuario_Acudiente (ID_Acudiente,ID_TipDoc_Acudiente,Aprendiz) values (76,4,16);
Insert into Usuario_Acudiente (ID_Acudiente,ID_TipDoc_Acudiente,Aprendiz) values (77,4,17);
Insert into Usuario_Acudiente (ID_Acudiente,ID_TipDoc_Acudiente,Aprendiz) values (78,4,18);
Insert into Usuario_Acudiente (ID_Acudiente,ID_TipDoc_Acudiente,Aprendiz) values (79,4,19);
Insert into Usuario_Acudiente (ID_Acudiente,ID_TipDoc_Acudiente,Aprendiz) values (80,4,20);

-- Insert tabla Usuario administrativo.
Insert into Usuario_Administrativo (ID_Administrativo,ID_TipDoc_Administrativo) values (41,1);
Insert into Usuario_Administrativo (ID_Administrativo,ID_TipDoc_Administrativo) values (42,1);
Insert into Usuario_Administrativo (ID_Administrativo,ID_TipDoc_Administrativo) values (43,1);
Insert into Usuario_Administrativo (ID_Administrativo,ID_TipDoc_Administrativo) values (44,1);
Insert into Usuario_Administrativo (ID_Administrativo,ID_TipDoc_Administrativo) values (45,1);
Insert into Usuario_Administrativo (ID_Administrativo,ID_TipDoc_Administrativo) values (46,2);
Insert into Usuario_Administrativo (ID_Administrativo,ID_TipDoc_Administrativo) values (47,2);
Insert into Usuario_Administrativo (ID_Administrativo,ID_TipDoc_Administrativo) values (48,2);
Insert into Usuario_Administrativo (ID_Administrativo,ID_TipDoc_Administrativo) values (49,2);
Insert into Usuario_Administrativo (ID_Administrativo,ID_TipDoc_Administrativo) values (50,2);
Insert into Usuario_Administrativo (ID_Administrativo,ID_TipDoc_Administrativo) values (51,3);
Insert into Usuario_Administrativo (ID_Administrativo,ID_TipDoc_Administrativo) values (52,3);
Insert into Usuario_Administrativo (ID_Administrativo,ID_TipDoc_Administrativo) values (53,3);
Insert into Usuario_Administrativo (ID_Administrativo,ID_TipDoc_Administrativo) values (54,3);
Insert into Usuario_Administrativo (ID_Administrativo,ID_TipDoc_Administrativo) values (55,3);
Insert into Usuario_Administrativo (ID_Administrativo,ID_TipDoc_Administrativo) values (56,4);
Insert into Usuario_Administrativo (ID_Administrativo,ID_TipDoc_Administrativo) values (57,4);
Insert into Usuario_Administrativo (ID_Administrativo,ID_TipDoc_Administrativo) values (58,4);
Insert into Usuario_Administrativo (ID_Administrativo,ID_TipDoc_Administrativo) values (59,4);
Insert into Usuario_Administrativo (ID_Administrativo,ID_TipDoc_Administrativo) values (60,4);

-- Insert tabla especialidad.
insert into Especialidad (ID_Especialidad,Descripción) values (1,'Electricidad.');
insert into Especialidad (ID_Especialidad,Descripción) values (2,'Electronica.');
insert into Especialidad (ID_Especialidad,Descripción) values (3,'Teleinformatica.');
insert into Especialidad (ID_Especialidad,Descripción) values (4,'Telecomunicaciones.');

-- Insert tabla Usuario instructor.
Insert into Usuario_Instructor (ID_Instructor,ID_TipDoc_Instructor,ID_Especialidad) values (21,1,1);
Insert into Usuario_Instructor (ID_Instructor,ID_TipDoc_Instructor,ID_Especialidad) values (22,1,2);
Insert into Usuario_Instructor (ID_Instructor,ID_TipDoc_Instructor,ID_Especialidad) values (23,1,3);
Insert into Usuario_Instructor (ID_Instructor,ID_TipDoc_Instructor,ID_Especialidad) values (24,1,4);
Insert into Usuario_Instructor (ID_Instructor,ID_TipDoc_Instructor,ID_Especialidad) values (25,2,1);
Insert into Usuario_Instructor (ID_Instructor,ID_TipDoc_Instructor,ID_Especialidad) values (26,2,2);
Insert into Usuario_Instructor (ID_Instructor,ID_TipDoc_Instructor,ID_Especialidad) values (27,2,3);
Insert into Usuario_Instructor (ID_Instructor,ID_TipDoc_Instructor,ID_Especialidad) values (28,2,4);
Insert into Usuario_Instructor (ID_Instructor,ID_TipDoc_Instructor,ID_Especialidad) values (29,2,1);
Insert into Usuario_Instructor (ID_Instructor,ID_TipDoc_Instructor,ID_Especialidad) values (30,3,2);
Insert into Usuario_Instructor (ID_Instructor,ID_TipDoc_Instructor,ID_Especialidad) values (31,3,3);
Insert into Usuario_Instructor (ID_Instructor,ID_TipDoc_Instructor,ID_Especialidad) values (32,3,4);
Insert into Usuario_Instructor (ID_Instructor,ID_TipDoc_Instructor,ID_Especialidad) values (33,3,1);
Insert into Usuario_Instructor (ID_Instructor,ID_TipDoc_Instructor,ID_Especialidad) values (34,3,2);
Insert into Usuario_Instructor (ID_Instructor,ID_TipDoc_Instructor,ID_Especialidad) values (35,4,3);
Insert into Usuario_Instructor (ID_Instructor,ID_TipDoc_Instructor,ID_Especialidad) values (36,4,4);
Insert into Usuario_Instructor (ID_Instructor,ID_TipDoc_Instructor,ID_Especialidad) values (37,4,1);
Insert into Usuario_Instructor (ID_Instructor,ID_TipDoc_Instructor,ID_Especialidad) values (38,4,2);
Insert into Usuario_Instructor (ID_Instructor,ID_TipDoc_Instructor,ID_Especialidad) values (39,4,3);
Insert into Usuario_Instructor (ID_Instructor,ID_TipDoc_Instructor,ID_Especialidad) values (40,4,4);

-- Insert tabla sede.
Insert into Sede (ID_Sede,Nombre,Ubicación) values (1,'Sede Restrepo','Av 1 No. 12 D 68 Ciudad Jardin - Restrepo');
Insert into Sede (ID_Sede,Nombre,Ubicación) values (2,'Sede Ricaurte','Calle 12 No. 30 - 18');
Insert into Sede (ID_Sede,Nombre,Ubicación) values (3,'Sede Alamos','Carrera 89 A No. 64 C - 33');
Insert into Sede (ID_Sede,Nombre,Ubicación) values (4,'Sede Colombia','Calle 69 No. 20 -30 - 36 Barrio Colombia');
Insert into Sede (ID_Sede,Nombre,Ubicación) values (5,'Sena','Ak 30 No. 17 - 28');
Insert into Sede (ID_Sede,Nombre,Ubicación) values (6,'Sena Centro de Formación de Actividad Fisica.','Portal 18 Sur Calle 45 Sur 78');
Insert into Sede (ID_Sede,Nombre,Ubicación) values (7,'Sena CEET - Sede 7 de Agosto','Carrera 28 A No. 63 C - 48 / 54');
Insert into Sede (ID_Sede,Nombre,Ubicación) values (8,'Sena CEET S. Colombia','Calle 69 No. 20 - 36');
Insert into Sede (ID_Sede,Nombre,Ubicación) values (9,'Sena Centro de Servicios Financieros','Calle 28 No. 27 A 62');
Insert into Sede (ID_Sede,Nombre,Ubicación) values (10,'Sena Centro de Gestión Industrial','Calle 15 No. 31 - 24');
Insert into Sede (ID_Sede,Nombre,Ubicación) values (11,'Instituto Integrado de Suba','Calle 139 No. 108 - 36');
Insert into Sede (ID_Sede,Nombre,Ubicación) values (12,'Centro de Gestión Industrial Sede D','Calle 71 A No. 74 A 36');
Insert into Sede (ID_Sede,Nombre,Ubicación) values (13,'Sena Tecnoparque','Calle 54 No. 10 - 39');
Insert into Sede (ID_Sede,Nombre,Ubicación) values (14,'Sena Centro Gestion de Mercados','Calle 19 A No. 96 C - 40');
Insert into Sede (ID_Sede,Nombre,Ubicación) values (15,'Aula de Talla de Gemas para Joyeria','NQS');
Insert into Sede (ID_Sede,Nombre,Ubicación) values (16,'Sena Bogotá','17 B AK 30 No. 2 - 5');
Insert into Sede (ID_Sede,Nombre,Ubicación) values (17,'Sena CGMLTI','Calle 52No. 13 - 65');
Insert into Sede (ID_Sede,Nombre,Ubicación) values (18,'Sena Cnetro de Diseño','Calle 17 No. 17 B 41');
Insert into Sede (ID_Sede,Nombre,Ubicación) values (19,'Sena Centro Metalmecanico','Carrera 30 No. 17 B 25 Sur');
Insert into Sede (ID_Sede,Nombre,Ubicación) values (20,'Sena Meredi','Diagonal 24 No. 27 A 62');

-- Insert tabla nivel de formación.
Insert into  NivelFormacion (ID_Formacion,Descripcion) values (1,'Auxiliar.');
Insert into  NivelFormacion (ID_Formacion,Descripcion) values (2,'Produndización.');
Insert into  NivelFormacion (ID_Formacion,Descripcion) values (3,'Operario.');
Insert into  NivelFormacion (ID_Formacion,Descripcion) values (4,'Tecnico.');
Insert into  NivelFormacion (ID_Formacion,Descripcion) values (5,'Tecnologo.');

-- Insert tabla programa.
Insert into Programa (ID_Programa,Nombre,Especialidad_Programa,Sede,Nivel_Formacion) values (1,'Implementación  y mantenimiento de equipos electrónicos industriales',2,1,1);
Insert into Programa (ID_Programa,Nombre,Especialidad_Programa,Sede,Nivel_Formacion) values (2,'Mantenimiento  de equipos de audio y vídeo.',2,1,1);
Insert into Programa (ID_Programa,Nombre,Especialidad_Programa,Sede,Nivel_Formacion) values (3, 'Mantenimiento  de sistemas de refrigeración, ventilación y climatización',2,1,1);
Insert into Programa (ID_Programa,Nombre,Especialidad_Programa,Sede,Nivel_Formacion) values (4, 'Mantenimiento de sistemas electrónicos',2,1,1);
Insert into Programa (ID_Programa,Nombre,Especialidad_Programa,Sede,Nivel_Formacion) values (5, 'Mantenimiento Electrónico e instrumental industrial',2,4,1);
Insert into Programa (ID_Programa,Nombre,Especialidad_Programa,Sede,Nivel_Formacion) values (6, 'Mantenimiento de equipo Biomédico',2,4,1);
Insert into Programa (ID_Programa,Nombre,Especialidad_Programa,Sede,Nivel_Formacion) values (7, 'Mantenimiento de electrogasodomésticos',2,4,1);
Insert into Programa (ID_Programa,Nombre,Especialidad_Programa,Sede,Nivel_Formacion) values (8, 'Instalación de infraestructura para redes móviles',4,7,4);
Insert into Programa (ID_Programa,Nombre,Especialidad_Programa,Sede,Nivel_Formacion) values (9, 'Instalación de redes híbridas de fibra óptica y coaxial',4,7,4);
Insert into Programa (ID_Programa,Nombre,Especialidad_Programa,Sede,Nivel_Formacion) values (10, 'Instalación y reparación de red de fibra óptica',4,7,4);
Insert into Programa (ID_Programa,Nombre,Especialidad_Programa,Sede,Nivel_Formacion) values (11, 'Instalación y mantenimiento  de sistemas de televisión análoga y digital',4,7,4);
Insert into Programa (ID_Programa,Nombre,Especialidad_Programa,Sede,Nivel_Formacion) values (12, 'Instalación de redes internas para telecomunicaciones',4,7,4);
Insert into Programa (ID_Programa,Nombre,Especialidad_Programa,Sede,Nivel_Formacion) values (13, 'Soporte y gestión  de servicios para telecomunicaciones',4,7,4);
Insert into Programa (ID_Programa,Nombre,Especialidad_Programa,Sede,Nivel_Formacion) values (14, 'Tecnólogo en diseño implementación y mantenimiento de sistemas de telecomunicaciones',4,7,5);
Insert into Programa (ID_Programa,Nombre,Especialidad_Programa,Sede,Nivel_Formacion) values (15, 'Instalación de redes de computadores',3,2,4);
Insert into Programa (ID_Programa,Nombre,Especialidad_Programa,Sede,Nivel_Formacion) values (16, 'Mantenimiento  equipos de cómputo',3,2,4);
Insert into Programa (ID_Programa,Nombre,Especialidad_Programa,Sede,Nivel_Formacion) values (17, 'Diseño e integración de multimedia',3,2,4);
Insert into Programa (ID_Programa,Nombre,Especialidad_Programa,Sede,Nivel_Formacion) values (18, 'Programación de software',3,2,4);
Insert into Programa (ID_Programa,Nombre,Especialidad_Programa,Sede,Nivel_Formacion) values (19, 'Gestión redes de datos',3,2,5);
Insert into Programa (ID_Programa,Nombre,Especialidad_Programa,Sede,Nivel_Formacion) values (20, 'Mantenimiento de Equipos, Diseño e instalaciones de cableado estructurado',3,2,5);

-- Insert tabla jornada.
Insert into Jornada (ID_Jornada,Descripcion,Hora_Inicio,Hora_Final) values (1,'Diurna','6:00:00','18:00:00');
Insert into Jornada (ID_Jornada,Descripcion,Hora_Inicio,Hora_Final) values (2,'Mañana','6:00:00','13:00:00');
Insert into Jornada (ID_Jornada,Descripcion,Hora_Inicio,Hora_Final) values (3,'Tarde','12:00:00','18:00:00');
Insert into Jornada (ID_Jornada,Descripcion,Hora_Inicio,Hora_Final) values (4,'Mixta combinación Nocturna','18:00:00','22:00:00');
Insert into Jornada (ID_Jornada,Descripcion,Hora_Inicio,Hora_Final) values (5,'Madrugada','22:00:00','6:00:00');
Insert into Jornada (ID_Jornada,Descripcion,Hora_Inicio,Hora_Final) values (6,'Sábados y domingos','6:00:00','18:00:00');

-- Insert tabla ficha.
Insert into Ficha (ID_Ficha,Num_Grupo,ID_Programa,Trimestre,Jornada) values (2020121,1,14,3,1);
Insert into Ficha (ID_Ficha,Num_Grupo,ID_Programa,Trimestre,Jornada) values (2033825,2,6,7,6);
Insert into Ficha (ID_Ficha,Num_Grupo,ID_Programa,Trimestre,Jornada) values (2092531,1,20,2,4);
Insert into Ficha (ID_Ficha,Num_Grupo,ID_Programa,Trimestre,Jornada) values (9874582,2,10,3,3);
Insert into Ficha (ID_Ficha,Num_Grupo,ID_Programa,Trimestre,Jornada) values (2365985,5,1,4,2);
Insert into Ficha (ID_Ficha,Num_Grupo,ID_Programa,Trimestre,Jornada) values (2021121,2,20,4,1);

-- Insert tabla asignacion ficha.
Insert into asignacionFicha  (ID_Asignacion,ID_Ficha,ID_Usuario) values (50101,2020121,1);
Insert into asignacionFicha  (ID_Asignacion,ID_Ficha,ID_Usuario) values (50102,2020121,2);
Insert into asignacionFicha  (ID_Asignacion,ID_Ficha,ID_Usuario) values (50103,2020121,3);
Insert into asignacionFicha  (ID_Asignacion,ID_Ficha,ID_Usuario) values (50160,2021121,21);
Insert into asignacionFicha  (ID_Asignacion,ID_Ficha,ID_Usuario) values (50104,2020121,4);
Insert into asignacionFicha  (ID_Asignacion,ID_Ficha,ID_Usuario) values (50105,2020121,5);
Insert into asignacionFicha  (ID_Asignacion,ID_Ficha,ID_Usuario) values (50106,2033825,6);
Insert into asignacionFicha  (ID_Asignacion,ID_Ficha,ID_Usuario) values (50107,2033825,7);
Insert into asignacionFicha  (ID_Asignacion,ID_Ficha,ID_Usuario) values (50108,2033825,8);
Insert into asignacionFicha  (ID_Asignacion,ID_Ficha,ID_Usuario) values (50109,2033825,9);
Insert into asignacionFicha  (ID_Asignacion,ID_Ficha,ID_Usuario) values (50110,2033825,10);
Insert into asignacionFicha  (ID_Asignacion,ID_Ficha,ID_Usuario) values (50111,2092531,11);
Insert into asignacionFicha  (ID_Asignacion,ID_Ficha,ID_Usuario) values (50112,2092531,12);
Insert into asignacionFicha  (ID_Asignacion,ID_Ficha,ID_Usuario) values (50113,2092531,13);
Insert into asignacionFicha  (ID_Asignacion,ID_Ficha,ID_Usuario) values (50114,2092531,14);
Insert into asignacionFicha  (ID_Asignacion,ID_Ficha,ID_Usuario) values (50115,2092531,15);
Insert into asignacionFicha  (ID_Asignacion,ID_Ficha,ID_Usuario) values (50116,9874582,16);
Insert into asignacionFicha  (ID_Asignacion,ID_Ficha,ID_Usuario) values (50117,9874582,17);
Insert into asignacionFicha  (ID_Asignacion,ID_Ficha,ID_Usuario) values (50118,9874582,18);
Insert into asignacionFicha  (ID_Asignacion,ID_Ficha,ID_Usuario) values (50119,9874582,19);
Insert into asignacionFicha  (ID_Asignacion,ID_Ficha,ID_Usuario) values (50120,9874582,20);
Insert into asignacionFicha  (ID_Asignacion,ID_Ficha,ID_Usuario) values (50121,2020121,21);
Insert into asignacionFicha  (ID_Asignacion,ID_Ficha,ID_Usuario) values (50122,2020121,22);
Insert into asignacionFicha  (ID_Asignacion,ID_Ficha,ID_Usuario) values (50123,2020121,23);
Insert into asignacionFicha  (ID_Asignacion,ID_Ficha,ID_Usuario) values (50124,2033825,24);
Insert into asignacionFicha  (ID_Asignacion,ID_Ficha,ID_Usuario) values (50125,2033825,25);
Insert into asignacionFicha  (ID_Asignacion,ID_Ficha,ID_Usuario) values (50126,2033825,26);
Insert into asignacionFicha  (ID_Asignacion,ID_Ficha,ID_Usuario) values (50127,2092531,27);
Insert into asignacionFicha  (ID_Asignacion,ID_Ficha,ID_Usuario) values (50128,2092531,28);
Insert into asignacionFicha  (ID_Asignacion,ID_Ficha,ID_Usuario) values (50129,2092531,29);
Insert into asignacionFicha  (ID_Asignacion,ID_Ficha,ID_Usuario) values (50130,9874582,30);
Insert into asignacionFicha  (ID_Asignacion,ID_Ficha,ID_Usuario) values (50131,9874582,31);
Insert into asignacionFicha  (ID_Asignacion,ID_Ficha,ID_Usuario) values (50132,9874582,32);
Insert into asignacionFicha  (ID_Asignacion,ID_Ficha,ID_Usuario) values (50133,2365985,33);
Insert into asignacionFicha  (ID_Asignacion,ID_Ficha,ID_Usuario) values (50134,2365985,34);
Insert into asignacionFicha  (ID_Asignacion,ID_Ficha,ID_Usuario) values (50168,2365985,21);
Insert into asignacionFicha  (ID_Asignacion,ID_Ficha,ID_Usuario) values (50135,2365985,35);
Insert into asignacionFicha  (ID_Asignacion,ID_Ficha,ID_Usuario) values (50140,2020121,40);
Insert into asignacionFicha  (ID_Asignacion,ID_Ficha,ID_Usuario) values (50141,2020121,41);
Insert into asignacionFicha  (ID_Asignacion,ID_Ficha,ID_Usuario) values (50142,2020121,42);
Insert into asignacionFicha  (ID_Asignacion,ID_Ficha,ID_Usuario) values (50143,2020121,43);
Insert into asignacionFicha  (ID_Asignacion,ID_Ficha,ID_Usuario) values (50144,2033825,44);
Insert into asignacionFicha  (ID_Asignacion,ID_Ficha,ID_Usuario) values (50145,2033825,45);
Insert into asignacionFicha  (ID_Asignacion,ID_Ficha,ID_Usuario) values (50146,2033825,46);
Insert into asignacionFicha  (ID_Asignacion,ID_Ficha,ID_Usuario) values (50147,2033825,47);
Insert into asignacionFicha  (ID_Asignacion,ID_Ficha,ID_Usuario) values (50148,2092531,48);
Insert into asignacionFicha  (ID_Asignacion,ID_Ficha,ID_Usuario) values (50149,2092531,49);
Insert into asignacionFicha  (ID_Asignacion,ID_Ficha,ID_Usuario) values (50150,2092531,50);
Insert into asignacionFicha  (ID_Asignacion,ID_Ficha,ID_Usuario) values (50151,2092531,51);
Insert into asignacionFicha  (ID_Asignacion,ID_Ficha,ID_Usuario) values (50152,9874582,52);
Insert into asignacionFicha  (ID_Asignacion,ID_Ficha,ID_Usuario) values (50153,2021121,53);
Insert into asignacionFicha  (ID_Asignacion,ID_Ficha,ID_Usuario) values (50154,9874582,53);
Insert into asignacionFicha  (ID_Asignacion,ID_Ficha,ID_Usuario) values (50155,9874582,55);
Insert into asignacionFicha  (ID_Asignacion,ID_Ficha,ID_Usuario) values (50156,2365985,56);
Insert into asignacionFicha  (ID_Asignacion,ID_Ficha,ID_Usuario) values (50157,2365985,53);
Insert into asignacionFicha  (ID_Asignacion,ID_Ficha,ID_Usuario) values (50158,2365985,58);
Insert into asignacionFicha  (ID_Asignacion,ID_Ficha,ID_Usuario) values (50159,2365985,59);
Insert into asignacionFicha  (ID_Asignacion,ID_Ficha,ID_Usuario) values (50199,2365985,21);


-- Insert tabla registro de asistencia. 
Insert into RegistroAsistencia (ID_Registro,FechaRegistro,ID_UsuarioReg,RolUsuario,Ficha,Estado,Novedad) values ('7656', '2020-11-19', 1,1, 2020121,  'Presente','');
Insert into RegistroAsistencia (ID_Registro,FechaRegistro,ID_UsuarioReg,RolUsuario,Ficha,Estado,Novedad) values ('8684', '2020-07-21', 2,1, 2020121,  'Presente','');
Insert into RegistroAsistencia (ID_Registro,FechaRegistro,ID_UsuarioReg,RolUsuario,Ficha,Estado,Novedad) values ('0677', '2020-11-14', 3,1, 2020121,  'Presente','');
Insert into RegistroAsistencia (ID_Registro,FechaRegistro,ID_UsuarioReg,RolUsuario,Ficha,Estado,Novedad) values ('3674', '2020-05-25', 4,1, 2020121,'Presente','');
Insert into RegistroAsistencia (ID_Registro,FechaRegistro,ID_UsuarioReg,RolUsuario,Ficha,Estado,Novedad) values ('2039', '2020-06-27', 5,1, 2020121,'Inasistencia','Excusa Medica');
Insert into RegistroAsistencia (ID_Registro,FechaRegistro,ID_UsuarioReg,RolUsuario,Ficha,Estado,Novedad) values ('2269', '2020-06-07', 6,1, 2033825,'Presente','');
Insert into RegistroAsistencia (ID_Registro,FechaRegistro,ID_UsuarioReg,RolUsuario,Ficha,Estado,Novedad) values ('1115', '2020-07-12', 7,1, 2033825,'Presente','');
Insert into RegistroAsistencia (ID_Registro,FechaRegistro,ID_UsuarioReg,RolUsuario,Ficha,Estado,Novedad) values ('5835', '2020-05-28', 8,1, 2033825,'Presente','');
Insert into RegistroAsistencia (ID_Registro,FechaRegistro,ID_UsuarioReg,RolUsuario,Ficha,Estado,Novedad) values ('0679', '2020-05-17', 9,1, 2033825,'Presente','');
Insert into RegistroAsistencia (ID_Registro,FechaRegistro,ID_UsuarioReg,RolUsuario,Ficha,Estado,Novedad) values ('7017', '2020-08-09', 10,1, 2033825,'Presente','');
Insert into RegistroAsistencia (ID_Registro,FechaRegistro,ID_UsuarioReg,RolUsuario,Ficha,Estado,Novedad) values ('1960', '2020-04-03', 11,1, 2092531,'Presente','');
Insert into RegistroAsistencia (ID_Registro,FechaRegistro,ID_UsuarioReg,RolUsuario,Ficha,Estado,Novedad) values ('7858', '2020-08-05',12,1, 2092531,'Presente','');
Insert into RegistroAsistencia (ID_Registro,FechaRegistro,ID_UsuarioReg,RolUsuario,Ficha,Estado,Novedad) values ('3843', '2020-04-25', 13,1, 2092531,'Presente','');
Insert into RegistroAsistencia (ID_Registro,FechaRegistro,ID_UsuarioReg,RolUsuario,Ficha,Estado,Novedad) values ('5925', '2020-10-09', 14,1, 2092531,'Presente','');
Insert into RegistroAsistencia (ID_Registro,FechaRegistro,ID_UsuarioReg,RolUsuario,Ficha,Estado,Novedad) values ('6457', '2020-10-01', 15,1, 2092531,'Presente','');
Insert into RegistroAsistencia (ID_Registro,FechaRegistro,ID_UsuarioReg,RolUsuario,Ficha,Estado,Novedad) values ('0645', '2020-04-22', 16,1,9874582,'Presente','');
Insert into RegistroAsistencia (ID_Registro,FechaRegistro,ID_UsuarioReg,RolUsuario,Ficha,Estado,Novedad) values ('3541', '2020-05-21', 17,1,9874582,'Presente','');
Insert into RegistroAsistencia (ID_Registro,FechaRegistro,ID_UsuarioReg,RolUsuario,Ficha,Estado,Novedad) values ('0104', '2020-07-16', 18,1,9874582,'Presente','');
Insert into RegistroAsistencia (ID_Registro,FechaRegistro,ID_UsuarioReg,RolUsuario,Ficha,Estado,Novedad) values ('0064', '2020-03-27', 19,1,9874582,'Presente','');
Insert into RegistroAsistencia (ID_Registro,FechaRegistro,ID_UsuarioReg,RolUsuario,Ficha,Estado,Novedad) values ('0853', '2020-03-19', 20,1,9874582,'Presente','');
Insert into RegistroAsistencia (ID_Registro,FechaRegistro,ID_UsuarioReg,RolUsuario,Ficha,Estado,Novedad) values ('8073', '2020-04-25', 21,2,2020121,'Presente','');
Insert into RegistroAsistencia (ID_Registro,FechaRegistro,ID_UsuarioReg,RolUsuario,Ficha,Estado,Novedad) values ('7992', '2020-10-27', 22,2,2020121,'Presente','');
Insert into RegistroAsistencia (ID_Registro,FechaRegistro,ID_UsuarioReg,RolUsuario,Ficha,Estado,Novedad) values ('4926', '2020-09-27', 23,2,2020121,'Presente','');
Insert into RegistroAsistencia (ID_Registro,FechaRegistro,ID_UsuarioReg,RolUsuario,Ficha,Estado,Novedad) values ('8715', '2020-03-09', 24,22033825,'Presente','');
Insert into RegistroAsistencia (ID_Registro,FechaRegistro,ID_UsuarioReg,RolUsuario,Ficha,Estado,Novedad) values ('1904', '2020-05-20', 25,2,2033825,'Inasistencia','Excusa Medica');
Insert into RegistroAsistencia (ID_Registro,FechaRegistro,ID_UsuarioReg,RolUsuario,Ficha,Estado,Novedad) values ('3932', '2020-08-09', 27,2,2092531,'Inasistencia','Excusa Medica');
Insert into RegistroAsistencia (ID_Registro,FechaRegistro,ID_UsuarioReg,RolUsuario,Ficha,Estado,Novedad) values ('3010', '2020-04-15', 28,2,2092531,'Presente','');
Insert into RegistroAsistencia (ID_Registro,FechaRegistro,ID_UsuarioReg,RolUsuario,Ficha,Estado,Novedad) values ('3613', '2020-11-04', 29,2,2092531,'Presente','');
Insert into RegistroAsistencia (ID_Registro,FechaRegistro,ID_UsuarioReg,RolUsuario,Ficha,Estado,Novedad) values ('5807', '2020-03-31', 30,2,9874582,'Presente','');
Insert into RegistroAsistencia (ID_Registro,FechaRegistro,ID_UsuarioReg,RolUsuario,Ficha,Estado,Novedad) values ('8706', '2020-09-12', 31,2,9874582,'Inasistencia','');
Insert into RegistroAsistencia (ID_Registro,FechaRegistro,ID_UsuarioReg,RolUsuario,Ficha,Estado,Novedad) values ('0668', '2020-04-26', 32,2,9874582,'Presente','');
Insert into RegistroAsistencia (ID_Registro,FechaRegistro,ID_UsuarioReg,RolUsuario,Ficha,Estado,Novedad) values ('8183', '2020-06-21', 33,2,2365985,'Presente','');
Insert into RegistroAsistencia (ID_Registro,FechaRegistro,ID_UsuarioReg,RolUsuario,Ficha,Estado,Novedad) values ('5461', '2020-06-17', 34,2,2365985,'Presente','');
Insert into RegistroAsistencia (ID_Registro,FechaRegistro,ID_UsuarioReg,RolUsuario,Ficha,Estado,Novedad) values ('5503', '2020-08-23', 35,2,2365985,'Presente','');
Insert into RegistroAsistencia (ID_Registro,FechaRegistro,ID_UsuarioReg,RolUsuario,Ficha,Estado,Novedad) values ('2209', '2020-05-10', 40,3,2020121,'Presente','');
Insert into RegistroAsistencia (ID_Registro,FechaRegistro,ID_UsuarioReg,RolUsuario,Ficha,Estado,Novedad) values ('1531', '2020-03-21', 41,3,2020121,'Presente','');
Insert into RegistroAsistencia (ID_Registro,FechaRegistro,ID_UsuarioReg,RolUsuario,Ficha,Estado,Novedad) values ('8711', '2020-05-13', 42,3,2020121,'Presente','');
Insert into RegistroAsistencia (ID_Registro,FechaRegistro,ID_UsuarioReg,RolUsuario,Ficha,Estado,Novedad) values ('6961', '2020-11-12', 43,3,2020121,'Presente','');
Insert into RegistroAsistencia (ID_Registro,FechaRegistro,ID_UsuarioReg,RolUsuario,Ficha,Estado,Novedad) values ('1722', '2020-08-26', 44,3,2033825,'Presente','');
Insert into RegistroAsistencia (ID_Registro,FechaRegistro,ID_UsuarioReg,RolUsuario,Ficha,Estado,Novedad) values ('7323', '2020-04-18', 45,3,2033825,'Presente','');
Insert into RegistroAsistencia (ID_Registro,FechaRegistro,ID_UsuarioReg,RolUsuario,Ficha,Estado,Novedad) values ('3156', '2020-07-20', 46,3,2033825,'Presente','');
Insert into RegistroAsistencia (ID_Registro,FechaRegistro,ID_UsuarioReg,RolUsuario,Ficha,Estado,Novedad) values ('1048', '2020-10-04', 47,3,2033825 ,'Presente','');
Insert into RegistroAsistencia (ID_Registro,FechaRegistro,ID_UsuarioReg,RolUsuario,Ficha,Estado,Novedad) values ('5044', '2020-03-23', 48,3,2092531,'Presente','');
Insert into RegistroAsistencia (ID_Registro,FechaRegistro,ID_UsuarioReg,RolUsuario,Ficha,Estado,Novedad) values ('6364', '2020-05-01', 49,3,2092531,'Presente','');
Insert into RegistroAsistencia (ID_Registro,FechaRegistro,ID_UsuarioReg,RolUsuario,Ficha,Estado,Novedad) values ('6448', '2020-04-13', 50,3,2092531,'Presente','');
Insert into RegistroAsistencia (ID_Registro,FechaRegistro,ID_UsuarioReg,RolUsuario,Ficha,Estado,Novedad) values ('1326', '2020-03-21', 51,3,2092531,'Presente','');
Insert into RegistroAsistencia (ID_Registro,FechaRegistro,ID_UsuarioReg,RolUsuario,Ficha,Estado,Novedad) values ('6699', '2020-08-17', 52,3,9874582,'Presente','');
Insert into RegistroAsistencia (ID_Registro,FechaRegistro,ID_UsuarioReg,RolUsuario,Ficha,Estado,Novedad) values ('2539', '2020-08-05', 53,3,9874582,'Presente','');
Insert into RegistroAsistencia (ID_Registro,FechaRegistro,ID_UsuarioReg,RolUsuario,Ficha,Estado,Novedad) values ('1192', '2020-06-11', 54,3,9874582,'Presente','');
Insert into RegistroAsistencia (ID_Registro,FechaRegistro,ID_UsuarioReg,RolUsuario,Ficha,Estado,Novedad) values ('7914', '2020-03-30', 55,3,9874582,'Presente',''); 
Insert into RegistroAsistencia (ID_Registro,FechaRegistro,ID_UsuarioReg,RolUsuario,Ficha,Estado,Novedad) values ('7924', '2020-03-30', 56,3,2365985,'Presente','');
Insert into RegistroAsistencia (ID_Registro,FechaRegistro,ID_UsuarioReg,RolUsuario,Ficha,Estado,Novedad) values ('7934', '2020-03-30', 57,3,2365985,'Presente','');
Insert into RegistroAsistencia (ID_Registro,FechaRegistro,ID_UsuarioReg,RolUsuario,Ficha,Estado,Novedad) values ('7944', '2020-03-30', 58,3,2365985,'Presente','');
Insert into RegistroAsistencia (ID_Registro,FechaRegistro,ID_UsuarioReg,RolUsuario,Ficha,Estado,Novedad) values ('7954', '2020-03-30', 59,3,2365985,'Presente','');